ID,x,y
0,-74.23895691714375,40.512760099999994
1,-74.1960555818357,40.53541894999999
2,-74.14742222167156,40.543076299999996
3,-74.22813395410083,40.5499038
4,-74.21322644244165,40.5538443
5,-74.1754791376971,40.55419775
9,-74.1237712965342,40.5760791
10,-73.97613781288395,40.57675155
11,-73.99298446109101,40.577805850000004
12,-73.83810999721267,40.58072435
13,-73.95938497992256,40.5842599
14,-73.77683883153158,40.593573895979176
15,-73.9221038,40.5882312
16,-74.10053235124803,40.59066535
17,-73.6969358,40.58854805
19,-73.63786264927589,40.588318
20,-74.1323741,40.5912147
21,-74.1323741,40.5912147
22,-73.6663816823382,40.58962735
23,-73.73656751315565,40.5918133
24,-73.77916112756793,40.593573899999996
25,-74.06982436469372,40.59666705
26,-74.18046222329431,40.59786475
27,-73.5794794,40.5923365
29,-73.96197942361478,40.5984459
30,-73.98844379946102,40.59901185
31,-73.93521090588726,40.6022895
32,-74.00348279849116,40.606064700000005
33,-74.0890402,40.6073492
34,-73.74722872570405,40.6089293623294
35,-73.95928002040816,40.60961087755102
36,-73.8184187,40.6079263
37,-74.07037940829306,40.611626
38,-73.65408610614887,40.6080606
39,-73.97915653433968,40.61213395
40,-74.15810536127883,40.61423905
41,-74.13067761704977,40.6152706
42,-73.92817975196365,40.6152842
43,-74.02940689081493,40.61734235
44,-74.11900853061225,40.62054675510204
45,-73.74635509063603,40.61679855
46,-74.01289642857142,40.619999285714286
47,-73.91582797959184,40.61990828571428
48,-73.7268817,40.6191414
49,-74.07766601522036,40.62496345
50,-73.63221497746773,40.62362235
51,-73.97557159831227,40.627781999999996
52,-73.99772676760675,40.6280214
53,-74.07467591277465,40.62903960724809
54,-74.11675878103449,40.630978400000004
55,-74.1219804466009,40.6344249
56,-74.1599514639033,40.6352641
57,-73.7082019,40.6313125
58,-74.13540309860649,40.636282449999996
59,-74.0877255017827,40.6375625
60,-73.95066197092811,40.636432400000004
61,-74.02513763216176,40.638154400000005
62,-73.74252900916457,40.63687095
63,-73.7036019,40.6367816
64,-73.99074125216518,40.640194050000005
65,-73.96663494110564,40.639979350000004
66,-73.66106859389896,40.6394092
67,-73.66103568911538,40.639591550000006
69,-74.01152852422092,40.643599300000005
70,-73.64086819639797,40.6402102
71,-73.61087687891498,40.64096275
72,-74.0132822,40.6455027
73,-73.65395064508687,40.64230655
74,-73.66584106618205,40.6425525
75,-73.20456410643814,40.63669048984296
76,-73.9037436,40.64654415
77,-73.5922214,40.6440347
78,-73.949998,40.648777
79,-73.64144085214288,40.6454033
81,-73.63605231068001,40.645946800000004
83,-73.92890287425979,40.65042335
84,-73.66633935269455,40.647814499999996
85,-73.6439748898533,40.64872024899632
86,-73.97545248590622,40.65118435
87,-73.6279736,40.647899
88,-74.00530526246948,40.65181405
89,-73.5772822,40.6485656
90,-73.66253935,40.65071825
91,-73.82843280685124,40.653884149999996
92,-73.70230555432062,40.65571547317039
93,-73.6119068,40.6524464
94,-73.67354119822863,40.653797
95,-73.15542359212407,40.6468589
96,-73.64967534482759,40.65434717241379
97,-73.58237217240153,40.6546769
98,-73.15748968788087,40.64654633871288
99,-73.6689449491044,40.6570164
100,-73.59173009564134,40.6563912
101,-73.95315431114612,40.6602653
104,-73.6951358,40.6578138
105,-73.68566794649792,40.6580642
106,-73.67225435,40.658114499999996
107,-73.9180533,40.6609654
108,-73.6661562,40.658588
109,-73.13533854154227,40.6515222
110,-73.58332072471494,40.658304099999995
111,-73.52216360344038,40.6574927
112,-73.6499604,40.6589766
113,-73.6406100946682,40.6590235
114,-73.60922096960562,40.658730399999996
115,-73.49571794592566,40.6580858
116,-73.63682824094289,40.659977350000005
117,-73.689481,40.658238499999996
118,-73.70013528741181,40.66425735706138
119,-73.98147076742049,40.66486455
120,-73.53522932653061,40.66089132653061
122,-73.89525971428571,40.665127392857144
123,-73.55165855551608,40.661267
125,-73.51614498877551,40.6638171
126,-73.69367675237281,40.66513689080615
127,-73.554465,40.664581999999996
128,-73.56536740879281,40.66536015
129,-73.86533818690205,40.669416600000005
130,-73.9335231,40.6705404
132,-73.9078906,40.6705697
133,-73.08755138396882,40.66076756160033
134,-73.5847301,40.6673868
135,-73.98714170746847,40.67174085
136,-73.9996096,40.6721611
137,-73.9617184,40.6734376
138,-73.4889032475289,40.66860065
139,-73.5291583,40.6693583
140,-73.43477940939923,40.66833835
141,-73.97663026044268,40.6746785
142,-73.92175537130873,40.6747879
143,-73.93507415478362,40.6750769
145,-73.67353969591393,40.673069600000005
146,-73.89264413933395,40.6754747
147,-73.5803203597903,40.6723815
148,-73.06958293333332,40.66502993333333
149,-73.41713270302756,40.66889610325331
150,-73.39399342543453,40.6713928
151,-73.87277603846154,40.67793165384616
152,-73.50402840567922,40.67426535
153,-74.0063459100341,40.680312799999996
154,-73.5909939,40.6769521
155,-73.97385992847181,40.68120015
156,-73.55828461616161,40.67683687878788
157,-73.47478995754444,40.677699450000006
158,-73.911582,40.682581
159,-73.64365070252481,40.702118325927486
160,-73.60785825577454,40.660471426319106
162,-73.36472311123089,40.6771868
163,-73.44930820054877,40.67869535
164,-73.93574187023921,40.68438525
166,-73.95108208560569,40.68522895
167,-73.5847414,40.681348
168,-73.42129457324094,40.679619599999995
169,-73.98273606081891,40.6870967
170,-73.6199393,40.6839782
171,-73.54046243299013,40.683214050000004
172,-73.54017569696047,40.68308316243769
173,-73.908054,40.688458
175,-73.9241594,40.6894152
176,-73.71901123243182,40.68810395
177,-73.40051829764798,40.68474585
178,-73.37205060906444,40.6851645
179,-73.97307918988574,40.6928006
180,-73.99716571080339,40.6931101
181,-73.9379797649404,40.6926936
182,-73.80685392690481,40.69355675
184,-73.78665445510018,40.69831861213837
185,-73.9828371,40.6957409
186,-73.95664400417388,40.695599
187,-73.84622048161536,40.69478275
188,-73.36429529587195,40.68905945
190,-73.3442507647612,40.689382699999996
191,-73.59826983903403,40.692969500000004
192,-73.9146218511062,40.696366
193,-73.00258631043184,40.6856083
194,-73.94750730301769,40.698074250000005
195,-73.92659657333334,40.69831645
196,-73.6171158,40.6952957
197,-73.99226663555751,40.6999658
198,-73.38234621384335,40.693101150000004
199,-73.49262615375,40.6952713
200,-73.42316018855246,40.6947272
201,-73.96269124999999,40.701214500000006
202,-73.5855075324464,40.6982957
203,-73.89439694814062,40.7008048355099
204,-73.69039859907386,40.69997565
205,-74.0075414,40.7036231
206,-73.32617826326502,40.696214049999995
207,-73.33565165319447,40.696214749999996
208,-73.91602945,40.7038211
210,-73.93190597928513,40.7053252
211,-73.61207249850835,40.70200665
212,-73.5441144212185,40.7016627
213,-73.9505223,40.7060665
214,-73.6961541,40.7043066
215,-73.5924921938896,40.70316745
216,-73.63206295440744,40.703686250000004
217,-73.59247169842928,40.70382435
218,-73.34479736861238,40.700570150000004
219,-73.64971262946727,40.70477515
220,-73.71633703416373,40.70571832885092
221,-73.50501889796445,40.703478950000004
222,-73.72044485078841,40.691173139564825
224,-73.80417023050184,40.7075927
225,-74.0125962445843,40.709802350000004
226,-74.00540490546743,40.709947400000004
227,-73.3181472,40.70345585
228,-73.48344515289362,40.70539985
229,-73.70982326671705,40.70913685
230,-73.61962481060556,40.708428049999995
231,-73.41106283700228,40.70687195
232,-73.60539488626655,40.709104100000005
233,-73.46071568635591,40.70734975
234,-73.3863233,40.70644
235,-73.9611512,40.7130206
236,-73.62668209198162,40.70976225
237,-73.8749013,40.7125307
238,-73.90116823337533,40.71272455452067
239,-73.30566687049196,40.706632049999996
240,-73.55434458035917,40.71011065730179
241,-74.0061591592358,40.71535235
242,-73.99283528129268,40.7153986
243,-73.92820855,40.7153199
244,-73.9836131,40.7165272
246,-73.70029757362204,40.71412895
247,-73.59364031669554,40.71320635
248,-73.94901471367982,40.7186491
249,-73.8029967,40.69835395
250,-74.00661296923407,40.719553149999996
251,-73.8376548,40.7183077
252,-73.99575895963218,40.71983285
253,-73.5606260177261,40.71537758359683
254,-73.78656157007846,40.72750629303103
255,-73.98253101008862,40.7218462
256,-73.68823179250688,40.721974604909086
257,-73.99651995965058,40.722966
258,-73.5630847945343,40.71923015
259,-73.71380177871293,40.7226422611862
260,-73.71617319085237,40.722639150000006
261,-73.72404911004803,40.721964964304924
263,-73.39314426710303,40.7192959
264,-73.37333745750408,40.719272
265,-73.705791006955,40.72397965
267,-73.99251393643826,40.7269785
268,-73.5160402467574,40.7226731
269,-73.67199029100507,40.72458159999999
270,-74.00335974075387,40.7274401057537
271,-74.0104517037037,40.72894474074074
272,-73.24130052581877,40.72782439991349
273,-73.48559462137271,40.7240606
274,-73.151485,40.719578
275,-73.63666815481808,40.7266057
276,-73.95117726439018,40.7307383
277,-73.620412125,40.727354125
278,-73.98343756438217,40.7314457
279,-73.70134128571428,40.729551
280,-73.98942775784336,40.733136200000004
281,-73.45850207877194,40.727145449999995
282,-73.6895119026891,40.73024963796679
283,-74.00034354474013,40.734384750000004
284,-73.32122491498896,40.72694655
285,-73.34554186172704,40.727540000000005
286,-73.69719380012518,40.7330312
287,-73.93245016396108,40.73645323548868
288,-73.4451529229535,40.731159649999995
289,-73.497603,40.72584045
290,-73.2147686,40.7282665
291,-73.87883756243549,40.73644725
292,-73.67830508802672,40.73430435
293,-73.51942737434214,40.73240826163106
294,-73.99099988568862,40.7379575
296,-73.53960607142857,40.73267908928572
297,-73.8519043,40.7378325
298,-73.79335050903015,40.73815085
300,-73.1892188,40.7310907
301,-73.99609259183673,40.740981020408164
302,-73.90099760972814,40.7406523
303,-73.97886959352232,40.74169345
304,-73.66539225969535,40.7396011
306,-73.42612915124104,40.737208100000004
308,-73.2422858032593,40.732941852399534
309,-73.4799616,40.7388773
310,-73.68682936324768,40.73261829753499
311,-73.95172354136938,40.744968
312,-73.91310018332597,40.74742178097997
313,-73.7160841466588,40.74446575
314,-73.86528539101144,40.74621105
315,-73.9911229346327,40.74849945
316,-73.97400438689533,40.74866385
317,-73.08098414142935,40.73745935
318,-73.7607777004223,40.75449356516064
319,-73.32272485467183,40.741619799999995
320,-73.63616431351448,40.74642125
321,-73.64227269941618,40.74823015
322,-73.12707573198742,40.7411982
323,-73.99034927240996,40.75313285
324,-73.60687445162772,40.7496895
325,-73.23865074404509,40.76355468981285
326,-73.70124485305391,40.751112750000004
327,-73.57649956601546,40.750547
328,-73.9819547939241,40.754986
329,-73.42812730891947,40.74872285
330,-73.93323385425394,40.755375
331,-73.67304457187292,40.7530859
332,-73.99651434578954,40.75653665
333,-73.8858322178374,40.7555186755201
334,-73.9709356,40.7568252
335,-73.05286485103153,40.74532805
336,-73.36231770885632,40.75135885
337,-73.28964331683031,40.75058610000001
338,-73.64528592457232,40.75649532909596
339,-73.6389802,40.756511
340,-73.93402984340435,40.75661069038009
341,-73.54021011962544,40.74360148113892
342,-73.19575737646224,40.75043425
343,-73.58541176291594,40.75630275
344,-73.99659005558362,40.760714300000004
345,-73.98688431494986,40.76075725
346,-73.82657396732208,40.759836500000006
347,-73.0365361,40.7498935
348,-73.86909705741905,40.76234675
349,-73.81280203142589,40.7624921
350,-73.4867983,40.75727605
351,-73.3703034021893,40.75726462205604
352,-73.8004450518481,40.77746003095617
353,-73.7696016,40.7639323
354,-73.18950037611259,40.754270069857014
355,-73.9803138918542,40.766763499999996
356,-73.00718148205523,40.75398176016637
358,-73.3258799956277,40.75924085
359,-73.96356430357504,40.767190799999995
360,-73.45423184943456,40.761935699999995
361,-73.93825539659251,40.758364246725364
362,-73.65363113344279,40.764688252490586
363,-73.92117317319416,40.77089641613704
364,-73.74219873605311,40.76680425
365,-73.95811609415625,40.771502600000005
366,-72.93828887699095,40.75863055
367,-73.5227181731054,40.76785475
368,-73.53012185080536,40.7687714996197
369,-73.6445444790633,40.77038065
370,-73.91028466547075,40.7733614
371,-73.9843129,40.7745988
373,-73.1086706546076,40.7654542
375,-73.72999931396589,40.7760394
376,-72.85257995,40.7629836
377,-73.95524671385948,40.77868065
378,-72.85207780602244,40.7638759
379,-73.47837505292955,40.7740598
380,-73.01634687686908,40.7674883
381,-73.22615843434343,40.77135824242424
382,-73.27796033752972,40.7726025
384,-73.9799096,40.782196
385,-73.5100952284983,40.77759895
387,-73.55408,40.7798011
388,-73.97454169652778,40.7847243
389,-73.84808171263941,40.7850242
390,-73.4887035568232,40.78094285
391,-73.71536543079951,40.78515285
392,-73.73209604483378,40.7853785
394,-73.70077786388143,40.78518975
395,-73.248342191418,40.7793178
396,-73.9336503,40.807066899999995
397,-73.65016100193029,40.7869695
398,-73.8160077464325,40.78891715
400,-73.00532416006733,40.778388199999995
401,-73.92928041281904,40.7869803028488
402,-73.38940947501169,40.7854568
403,-73.5362861519933,40.788505549999996
404,-73.94073210398204,40.793858900000004
405,-73.2009737,40.7851257
406,-73.65438122920472,40.790812177470016
407,-73.41735579250975,40.7897847
408,-73.9672677,40.7963615
409,-73.34043452957722,40.790808150000004
410,-73.23039579743858,40.7893292
411,-73.62414311823682,40.794861699862636
412,-73.9469173,40.7988054
413,-73.01868836477871,40.78634555
414,-72.97849566666667,40.782078
415,-72.91663349762678,40.7863092
416,-73.70125297450193,40.79808305
417,-73.04372316508649,40.786160475017965
419,-73.40492105555555,40.79644225
420,-73.93652067890432,40.80329815
421,-73.73534713978854,40.80150685438617
422,-73.50228716939431,40.79944435
423,-73.96310255268003,40.80492085
424,-73.32111795991237,40.798546099999996
425,-73.64633385305766,40.8028839
426,-73.91582680088696,40.8058227
427,-73.11902224364287,40.80125286273561
428,-73.2510708207484,40.79855175
429,-73.07290835819813,40.7957951
430,-73.20281531447039,40.791609065755914
431,-73.70117140166306,40.80744895
432,-73.7509131906487,40.80875125
433,-73.7509131906487,40.80875125
435,-73.40871630380789,40.806588883942645
436,-73.95460690883812,40.81196715
437,-73.94246596369135,40.8133131
438,-73.92211830707907,40.813177249999995
439,-73.62691444928926,40.8117122
440,-73.90375904272221,40.81527655
441,-72.972892,40.803294
443,-72.79110440368729,40.80049875
444,-73.92014219968061,40.81727775
445,-72.84094723530305,40.802367950000004
446,-73.12233046537676,40.80788665
447,-73.88774931676599,40.81860465
448,-73.91552229385135,40.8202816
449,-73.94180081137691,40.8208805
450,-73.95078615562524,40.82186845
451,-73.81820216426186,40.8212955
452,-72.76173224858262,40.80578431060549
453,-73.86933543337787,40.822996950000004
455,-73.6808752130456,40.82202585
456,-73.04430909976774,40.8148728
457,-72.99909276808725,40.8154461
459,-73.89530986863986,40.828592
460,-73.9080815578559,40.829743050000005
461,-73.15640689721184,40.8201865
463,-73.4996695143192,40.82623135
464,-72.6447701,40.8123238
465,-73.3434431350967,40.8262682622913
466,-73.68839545055624,40.8296628
467,-73.69755829159993,40.830483400000006
468,-73.2051543,40.8240396
469,-73.8509809,40.832561
470,-73.69806404602897,40.83084835
471,-73.8509809,40.832561
472,-73.46234900759161,40.82826305
473,-73.82703451920932,40.833274599999996
474,-73.2842006,40.82695
475,-73.91361419974533,40.83467675
476,-73.94092440868917,40.8359389
477,-73.41001629526805,40.83037040000001
478,-73.92690471700942,40.8366713
479,-73.0488665735173,40.88039045
480,-72.60926392848239,40.8178512
481,-73.10601997339629,40.82715
482,-73.5420280176919,40.808552
483,-73.2444761611626,40.8321765
484,-73.93718387006012,40.841271899999995
485,-73.3787402,40.8353123
486,-73.90166350933849,40.84128915
488,-73.6904087,40.8431478
489,-73.88340901007328,40.841857700000006
490,-73.03158128571428,40.83138857142857
491,-73.703883,40.840344
493,-72.73115015595569,40.82742035
494,-72.85292949274181,40.827517269665655
495,-73.84640366418746,40.84503135
496,-73.0638179362796,40.834804199999994
497,-73.9067587,40.84634565
498,-73.69365973449362,40.844262799999996
499,-73.1894362021386,40.83477964164366
500,-73.86658457142856,40.846194714285716
501,-73.78464245,40.84555075
502,-73.33890415619109,40.88092806438961
503,-73.15366508410094,40.85923973550816
504,-73.41142145517489,40.84215795
505,-73.93166155334617,40.84866705
506,-73.5358277755371,40.84634645
507,-73.29661534923426,40.843246449999995
508,-73.64460886999757,40.8486322
509,-73.88781389707489,40.8519092
510,-73.40697804686553,40.8470542
511,-73.9173031136331,40.8546181
512,-72.93440961887238,40.84211251101999
513,-73.36824936618838,40.85107003451851
514,-73.90440902333206,40.856151749999995
516,-73.244814868664,40.86072056081653
517,-73.89401785790463,40.8592857
518,-73.84416949497002,40.85936825
519,-73.19517139564974,40.85337455
520,-72.57855464389277,40.843270149999995
521,-73.26649995935779,40.85593265
522,-73.92513335000001,40.864856
523,-73.63441268150046,40.862572799999995
524,-73.15282195074857,40.8573711
527,-72.55798153443745,40.848773766041575
529,-73.88661939836533,40.87030445
531,-73.30480311983456,40.86750772018717
532,-73.53168486031134,40.8700379
533,-73.460326,40.8697538
534,-72.80888350297164,40.86003975
535,-73.03921257282018,40.864950177818635
536,-73.36356823761822,40.869733049999994
537,-73.5297826,40.8721703
538,-73.86738273669707,40.8762516
539,-73.90370444869558,40.87695805
540,-73.84642379995587,40.878051
542,-72.7798748,40.8637333
543,-73.42522294875377,40.87590965
544,-73.58939268339589,40.8782161
545,-72.87199968052134,40.86633693190335
546,-72.99783561759598,40.8718538
547,-73.15884320001436,40.8744937
548,-73.32605190785836,40.878731200000004
549,-72.51626859073193,40.86522745
550,-72.96828798448414,40.88142067222114
551,-73.80432204168608,40.89054075
552,-73.04521942814966,40.880445930862386
553,-73.2530376005877,40.8840633
554,-73.90755354106024,40.8921682
555,-73.85532259261606,40.893045799999996
556,-73.36774210521098,40.887286450000005
558,-73.15859660363742,40.887313
560,-72.52682036984001,40.8770377
561,-73.7861772,40.8982784
564,-73.8267323,40.9021507
565,-73.1111503,40.8910112
566,-73.38461171591501,40.89700632777153
567,-73.31371431895208,40.897047549999996
568,-73.838216,40.906094
569,-73.34580579267913,40.9009136
570,-73.32754662563536,40.90716611787209
571,-72.3928962672769,40.885346913819546
572,-72.4320089485411,40.89169611355424
573,-73.1990405165531,40.90028395
574,-73.7916991,40.9092614
575,-73.5508356360747,40.90705885
577,-72.87876652765033,40.897043999999994
578,-73.83773609332731,40.912237234206025
579,-73.85837180791846,40.91305316545744
580,-73.8445956875,40.912935125
581,-73.7787877,40.9127595
584,-73.89445849697853,40.9169004
585,-73.82279909287718,40.917787950000005
586,-72.3761771,40.894716149999994
587,-73.86705162024998,40.92045880939078
588,-72.62145214918161,40.90341685
589,-73.07160464496816,40.90243181275573
590,-73.1465774884114,40.9184016
592,-73.14660864710633,40.91798440064612
593,-73.7895516930655,40.92707315
595,-73.75157288880055,40.9272859
596,-73.90131353846154,40.92915161538461
599,-73.8906119,40.93262
600,-73.89500220894034,40.933640031332445
601,-73.01499692287796,40.92580655272258
602,-73.83233394954273,40.93558995
604,-72.66204537936218,40.919226550000005
605,-72.66380451363347,40.92096025
606,-72.67378560549768,40.92349636337576
607,-73.75625583072033,40.94034325
608,-73.39688583826018,40.937273950000005
609,-72.9825359,40.9331126
610,-73.870603875,40.945942875
611,-73.840614,40.948292
612,-72.64785992882803,40.92641176307797
613,-73.8256951,40.9507531
614,-73.73313358138105,40.94942495769215
615,-73.8881619,40.9515922
616,-73.10512038177328,40.94147855
617,-73.73560261249938,40.95026945
618,-73.81798168241936,40.95127945
619,-73.06829785440449,40.9433949
620,-73.87222,40.955464
621,-73.8956249,40.9559614
622,-73.73880971875,40.954755625
623,-72.4130018367347,40.93337691836735
624,-73.02206229888903,40.94518275
625,-72.73164349829301,40.933915574464784
626,-72.30580666953358,40.93424265
628,-73.731311,40.959306
629,-73.68892281737055,40.96023925
630,-72.99206028706762,40.9505483
631,-73.7247096,40.9612575
632,-72.92497921906921,40.949887450000006
634,-72.847815967271,40.953474650000004
635,-72.9674944,40.9558141
636,-73.7127844,40.9675723
637,-72.58137714478406,40.950688299999996
638,-73.77814906762018,40.97105720905432
639,-73.8347637,40.9733924
641,-72.80918291666667,40.95952296666666
642,-72.6530005931511,40.95874635
643,-72.41293012770599,40.93331472140833
644,-73.7667327,40.9811535
645,-72.25395947816381,40.95596855
646,-73.8730058,40.9837681
647,-73.68555029564497,40.98241106280243
648,-73.79714926766667,40.988351800000004
649,-73.88023221324394,40.9938447
650,-73.88240843608358,40.99584795
651,-73.6645261,40.9959932
652,-72.18299302339668,40.969379950000004
653,-73.8166122,40.998601
654,-73.87740415721382,41.00036555
655,-73.66682215957638,41.00242786877749
656,-73.7848536,41.0051198
657,-73.67619119967549,41.00486331660142
658,-72.13450792105263,40.978775210526315
659,-73.8463521,41.0117864
660,-73.65957185813757,41.01171590733086
661,-72.53330087678768,40.9930407
662,-73.85930183333333,41.014113333333334
663,-73.87467805790752,41.015068
664,-73.76616396852403,41.01356369426544
665,-73.73707160118394,41.01500405
666,-72.30172579223694,40.990093997129556
667,-72.30248465165012,40.99104324911614
668,-73.79923423709675,41.01818960631108
669,-73.9474953,41.0217789
670,-72.29058841533967,40.9969259689689
671,-73.7710839,41.0238844
672,-72.29502056839293,41.000966500000004
673,-73.8081898,41.0266427
675,-73.7639217,41.0271442
676,-72.48485771685148,41.009860849999995
677,-73.9529932,41.0330181
679,-73.77486756749245,41.0351567
680,-73.7805354,41.0351314
681,-73.67462920837488,41.0351058
682,-73.7614891102966,41.03783285
683,-73.86773745845511,41.0389167
684,-73.7038939,41.0375777
685,-73.91710502243126,41.042083399999996
687,-73.7472021,41.0429048
688,-73.9466308,41.0454028
689,-73.95442113928334,41.04643935
690,-73.8128863,41.051173
691,-73.7687204,41.0544475
692,-73.818213,41.0549541
693,-72.15792339938636,41.02618625
694,-74.01914570352926,41.058992849999996
695,-73.957495,41.060225
696,-73.8534681,41.0603364
697,-74.025724,41.062985850000004
698,-73.85524091972123,41.0645777
700,-71.95508275219836,41.036011099999996
702,-73.77724898713589,41.072505500000005
703,-73.77270554672818,41.07371647438563
704,-73.86300146203988,41.07571457853087
705,-73.86065010070959,41.07650445
706,-73.86128025925662,41.07851091146193
710,-73.8638808636656,41.081809
711,-71.95096658067642,41.0493971
712,-73.85948331065111,41.0849267
713,-73.8601637,41.0855618
714,-73.9214301,41.0877129
715,-74.013968,41.0908059
716,-72.42434760945397,41.06629615
717,-73.9387941,41.0904207
718,-73.91778841881361,41.0911204
719,-73.9201896,41.0918261
720,-73.9201754,41.0918915
721,-73.92763835526333,41.092134
722,-73.92817105303206,41.0927881
723,-73.95911795,41.09515515
724,-73.7772407,41.0939444
726,-72.33951282887324,41.0702141
727,-73.9729365,41.0965833
728,-73.91717694904432,41.099051778284874
729,-73.79438474855073,41.1039361
730,-72.35591201346784,41.082391799999996
731,-74.02471012538125,41.10836546993911
732,-73.9919101,41.1090993
733,-74.0909564887328,41.11023318759725
734,-74.07083462009477,41.1113104
735,-74.0456433,41.1115842
736,-74.14699207695868,41.11480195
737,-74.050986,41.114189
739,-74.148991,41.1169678
740,-74.0444429,41.1167847
741,-73.9450811,41.1187027
742,-73.78345940002434,41.1194956
743,-74.1687799,41.1237519
745,-72.36570814988221,41.09783096751382
746,-74.041154,41.126368
747,-72.36313475251671,41.10282655
748,-73.6967467,41.1262581
749,-74.04461828124657,41.113135619432185
750,-73.79145542935065,41.136730549999996
751,-73.85375423971092,41.141459925077186
752,-73.77877577577587,41.141176160323496
754,-73.988856,41.1466704
755,-73.64244300487715,41.144881749999996
756,-73.82860934822581,41.148921900000005
757,-73.9397305,41.150034125000005
759,-73.942031,41.1531635
761,-73.86744935875691,41.151014200000006
762,-74.1920564,41.1578086
763,-74.2375695,41.1588515
764,-73.86317057142857,41.15904142857143
765,-73.86515029122619,41.15863675104554
766,-73.7647023488372,41.15944525581396
767,-73.7711099,41.1589572
768,-73.86593036375099,41.1605678647828
769,-73.86486431859757,41.16117604027161
770,-73.86538615,41.1677235
771,-73.8443617202398,41.1676758400064
772,-72.29961907003789,41.14277385
775,-74.1835543,41.1887636
776,-74.0342422,41.1965819
777,-73.79533707263218,41.18957378697359
778,-73.7975024,41.1907095
780,-73.5527313,41.1906394
784,-73.88255507046875,41.194906149999994
785,-73.732701,41.1968762
786,-73.96565415384616,41.20014953846154
787,-73.9723432,41.200022
789,-73.82252801157094,41.20188505
790,-73.9918062,41.2058924
791,-73.6429261,41.2032439
792,-73.72849863367328,41.20475963506601
793,-73.96998687769667,41.20803465
794,-73.7265812,41.2061878
795,-73.89398409392409,41.20854825
796,-73.98367049999999,41.209615
797,-73.88273012131654,41.20983775
798,-74.01547344301125,41.2169442
800,-74.29295883933672,41.222400442941606
801,-73.99339756671239,41.2262596
802,-73.98651939156554,41.23097185
803,-74.21934592478165,41.225947594362104
804,-73.7012044,41.2355726
805,-73.93007463061352,41.23907535
808,-73.92595803190179,41.24436100310802
809,-73.96163587786126,41.25353571023505
810,-73.9615004,41.2548363
811,-74.35508666161871,41.259510750000004
812,-73.685057,41.25537
813,-73.9354971,41.2611334
814,-74.4480206,41.2756484
815,-73.77971990797184,41.274174099999996
816,-74.2156833,41.2785385
817,-73.9266866,41.2768667
818,-73.86317660343471,41.27707905
821,-73.91499081492032,41.28892483266748
822,-73.91644473809673,41.288723606592136
823,-73.92312131925544,41.2916817
825,-74.2334792,41.2959193
826,-73.89586816452903,41.29447239770995
828,-73.8080486,41.2959107
830,-73.65910622656385,41.295173
831,-74.1489107,41.3077278
833,-73.7176749,41.3129127
835,-74.28390674840098,41.320529
837,-73.85849,41.3191727
838,-73.8033173,41.3247222
839,-73.8829257,41.3258411
840,-74.35623982116724,41.331641700000006
842,-73.6885066,41.3273686
843,-74.1195102,41.3328894
844,-73.5864276,41.3276973
846,-74.18862917413688,41.33820909346742
847,-74.12750444475883,41.34506025
848,-73.6566586,41.3436245
849,-73.6626834,41.3487235
850,-74.1749515,41.3535664
852,-74.6842264,41.3596101
853,-74.27583429206985,41.359799800000005
856,-74.6840414,41.3685903
857,-74.61637315414147,41.3706212
859,-73.8672613,41.3673811
860,-73.9668741,41.3689396
861,-74.6904797,41.3749424
862,-73.79216481693383,41.376626473563256
863,-74.70243883333333,41.378674
864,-74.68758135,41.3790784
865,-74.687653,41.3790762
869,-73.94475731944681,41.38224734523838
870,-73.9781664,41.3841089
872,-74.14263589932874,41.38944105
873,-74.34065920596413,41.39097935
874,-74.39450101992213,41.3998911
875,-74.324161625,41.400170875
876,-73.9742485,41.4005132
879,-73.8025622,41.3980301
880,-74.3258888602613,41.40287865
881,-73.6196974,41.3986655
882,-74.0795981,41.4048315
885,-73.7271605,41.4156424
886,-73.95444332653061,41.42034632653061
887,-73.95049452798774,41.42285170337735
888,-74.15706434920462,41.4263276
889,-74.10247360255943,41.43490803927956
890,-73.6787935,41.4299016
891,-74.03663846012198,41.434267950000006
893,-74.4535067080163,41.4420072
894,-74.4004281,41.4428889
895,-74.41546949061787,41.4460675
896,-74.01441676823478,41.444047100000006
897,-74.4270044,41.44863435
899,-74.25848612595395,41.4553868
900,-74.39122172625824,41.4570008
901,-74.412031,41.4568061
902,-74.05111363265306,41.45597912244898
903,-74.31119052083139,41.4581629
904,-73.6348818,41.4552147
906,-73.92340455424801,41.4602218
907,-73.5479007,41.460609
908,-74.41412530778103,41.46932365
909,-74.5370127,41.4747951
910,-74.89052542111396,41.44727189595873
912,-74.8086418,41.4790865
913,-74.43144134146341,41.45002919512195
914,-73.97276493931079,41.47966315
915,-73.6717685,41.477205
916,-74.2181769,41.4819469
917,-74.36241457042797,41.48566995
918,-74.0902431,41.4857304
919,-74.0222608,41.4893391
920,-74.082578,41.502777
921,-73.7079368,41.4952121
922,-74.009946,41.499348100000006
923,-73.96106854443613,41.50103515
924,-74.0304383,41.5016516
925,-74.00538752561438,41.50177037828448
927,-73.96670933687709,41.50297245
928,-73.97773797454443,41.5074725
930,-74.0468093,41.5103576
932,-74.89166519345989,41.532248520434536
933,-73.9336664143934,41.519624750000006
935,-74.883974,41.5265158
936,-74.063500034538,41.5229944
937,-73.84396867189923,41.522752
938,-74.235846,41.52712033333333
939,-74.15317074521671,41.527847382804374
941,-73.91403030330189,41.528300200000004
943,-73.7951639,41.5335341
944,-73.7177386,41.5331479
945,-73.9011072,41.5356365
946,-74.0109415825752,41.54083298122793
947,-74.09685367527987,41.5401338
949,-73.9633520310588,41.5433533
950,-73.87906636227731,41.54351905
952,-74.06317101415326,41.55186772823955
953,-74.1914397,41.5512129
954,-73.9670188,41.5523498
955,-73.79177045540807,41.5519956
956,-74.440778,41.5543513
957,-73.60248615084629,41.55230625
958,-74.0049361,41.5599479
959,-74.194802,41.5649298
961,-74.3261088,41.5667464
962,-73.54511793382505,41.60008877957847
963,-74.4830087,41.5747793
964,-74.48053733409432,41.57511835
967,-73.9280602931531,41.58003515
968,-73.9421154955096,41.59278285
969,-73.9195364,41.5947466
971,-73.9201086,41.6018945
972,-74.1161326,41.6037536
973,-75.0594512,41.6080684
974,-74.1810933,41.6052381
975,-73.97492643930732,41.60566355
976,-73.87139569984267,41.607096150000004
979,-73.6845073,41.6115824
980,-73.8032569,41.6154793
983,-74.5973112,41.6302958
984,-73.88368716803922,41.62679795
985,-74.3752615,41.6320628
986,-73.87947933696663,41.641984
987,-74.6790781,41.6512137
989,-74.79773323652377,41.66104921686828
990,-74.2260794,41.6590683
991,-73.8676915,41.6574256
992,-73.9601457,41.6584623
993,-73.9290492,41.6586523
994,-73.6797045,41.6583054
995,-74.38014662164323,41.66834745
1001,-73.85353122907449,41.67923565
1003,-74.53272784590949,41.6909063
1004,-73.91330166666667,41.68709533333333
1006,-73.8879118,41.6965885
1007,-73.91887581991128,41.70150815
1008,-75.0618895,41.7079577
1009,-74.63069028698652,41.707787463862296
1010,-74.573508,41.710166
1011,-73.93544794315835,41.7066306
1012,-74.38399864941582,41.713776100000004
1013,-74.39506509090909,41.71669072727273
1014,-74.3936938,41.7184954
1015,-73.9640456,41.7171404
1017,-73.85807933803353,41.7171188
1019,-74.9455651,41.7329836
1020,-74.67483975826755,41.732785
1021,-73.91023407870844,41.72969465
1023,-74.0131134472812,41.73742665
1024,-74.36966469241756,41.74355465
1026,-74.06752840563945,41.74661882078385
1027,-74.08427595160416,41.7463397
1029,-73.8232474,41.7454235
1030,-73.8773611,41.7471753
1031,-74.5922091041274,41.75933812854759
1032,-75.02850856867317,41.76788604768977
1036,-73.9047532,41.7685155
1037,-74.2943778,41.7737591
1040,-74.229828,41.7866255
1041,-73.93309797865612,41.78553105
1042,-73.69529894549359,41.783831
1043,-73.909889,41.7899868
1045,-74.17890594073076,41.79719275
1046,-74.9902333,41.8062055
1047,-74.8858819,41.8062431
1048,-74.74802225322047,41.80841252329156
1049,-73.794243,41.8042565
1050,-73.55933215173275,41.806893349999996
1051,-74.1274125,41.826116
1053,-74.07500606944842,41.82844885
1055,-73.9026687,41.8287098
1058,-74.1887597,41.8389613
1059,-74.03949,41.8381172
1060,-74.0417269,41.8381267
1061,-74.54639550640162,41.84614805
1063,-74.07953760636654,41.844908700000005
1064,-75.1333004,41.8509868
1065,-73.9292275,41.8480837
1066,-73.867731,41.8485509
1067,-73.998728,41.8529762
1068,-73.5526616,41.8490423
1069,-74.1076765,41.8547832
1070,-74.0887428,41.8550086
1071,-74.1344454514109,41.8571864
1072,-74.301775,41.8607051
1073,-73.5626756760085,41.87849421708107
1075,-74.04928430745508,41.8778129
1076,-73.8074232,41.878186
1077,-74.0216834,41.8828027
1078,-74.11252150551655,41.8844598
1079,-74.1249069,41.8868867
1080,-74.2688023,41.8935488
1081,-73.9105045,41.8918729
1082,-74.8300363,41.8990309
1083,-74.1938136,41.900003
1084,-73.9769063,41.9082039
1086,-73.98931617647058,41.91922170588235
1088,-73.95067515,41.91973875
1089,-73.98465831891372,41.921352299999995
1090,-74.5561507,41.9251651
1091,-74.06813890664102,41.924248000000006
1092,-74.04311837817397,41.924128350000004
1093,-73.90967234520409,41.9267989
1095,-74.9142377609991,41.9329005
1096,-73.97183625,41.928585749999996
1097,-74.02360872372284,41.93597695
1098,-73.99972975,41.93658515
1099,-75.27396291950235,41.94606384024427
1100,-74.9905268,41.9568998
1101,-73.99362730018188,41.953156500000006
1102,-73.96903992679347,41.95509095
1103,-73.5074373,41.9538874
1104,-74.28099205000001,41.9682638
1105,-73.7479314,41.9663992
1106,-74.1229859,41.9699963
1108,-74.5206842,41.9760571
1109,-74.2004208032036,41.974666299999996
1110,-73.6558801,41.9738159
1111,-75.1304162,41.9880484
1112,-74.0330083,41.9863899
1113,-73.87677035,41.9891559
1114,-73.95494545,41.9936918
1115,-74.10005855123188,41.998343899999995
1116,-74.7853538,42.0044358
1117,-74.26676214185593,42.005622349999996
1118,-74.13900621149719,42.004978050000005
1121,-76.61795576306861,42.0075795
1122,-74.08712872139631,42.035762509548725
1123,-74.0180259,42.015713250000005
1124,-73.7418135,42.0167769
1125,-76.15322550000002,42.01724
1126,-75.916016,42.0203509
1127,-75.6626045,42.0272747
1128,-74.19004995,42.02674525
1129,-76.72843740723366,42.016718999999995
1131,-76.8935557875363,42.014619499999995
1132,-75.8625318,42.0297344
1134,-75.8550397,42.0241218
1135,-75.79700296946274,42.038640565549954
1136,-73.98744051786292,42.03810205
1137,-74.145778,42.0410421
1138,-74.27623719827915,42.04444682551435
1139,-73.95066655,42.0428646
1140,-76.2590053,42.0458017
1143,-76.85990895903956,42.0407175
1144,-73.63640149912982,42.050355713861144
1145,-73.79317927211952,42.052222900000004
1148,-75.9154048,42.0584419
1150,-73.911815,42.059036
1154,-76.35323543823529,42.060218
1155,-75.8024268,42.0671957
1156,-77.76724225000001,42.0381045
1157,-77.5213152,42.01676689999999
1158,-76.80918300837163,42.059133450000004
1159,-76.0963202,42.0684412
1160,-76.15652466201028,42.06841025
1161,-77.02931883726731,42.0575785
1162,-73.94865020503744,42.07097615
1163,-77.2730510059874,42.05332
1165,-74.9946797,42.0793849
1166,-75.64293830108517,42.07801135
1167,-75.8776558,42.0768617
1168,-75.8235265,42.0782076
1169,-73.9524839,42.078683850000004
1170,-78.62882162101363,42.026393999999996
1171,-78.641289,42.026225
1172,-74.31651854384592,42.0844278
1173,-78.33980342423918,42.03783937680928
1174,-76.8023944,42.0735073
1175,-74.01346402695691,42.083839600000005
1176,-76.05324920740415,42.08653205
1177,-76.84513906540698,42.077582500000005
1179,-75.8227517,42.0913652
1181,-76.0948996,42.0897279
1182,-73.8945272,42.0909905
1183,-76.76142761541846,42.0835284
1184,-76.87250940000001,42.083856
1186,-79.2059185,42.0639257
1187,-75.8926302,42.095624
1188,-75.7658651,42.0968461
1190,-73.95553319741413,42.03545111707341
1191,-75.9119755,42.096161
1192,-76.69977349999999,42.088012
1194,-75.99339046969708,42.0970912
1195,-76.54939381632799,42.091719056715185
1196,-76.26012380735182,42.0942217319246
1197,-76.04924641304576,42.10001158780793
1198,-74.44217052602481,42.102651699999996
1199,-76.0738235045126,42.0989655
1200,-77.41114659796398,42.0798205
1203,-78.1678734,42.0639557
1204,-75.9311553,42.104089
1205,-73.9400739532341,42.1030043
1206,-78.37333184994775,42.060165999999995
1208,-75.8876808,42.1074165
1209,-75.9597555,42.1073014
1210,-76.2634839,42.1045757
1211,-76.2635037,42.1046053
1212,-75.9036654,42.110675
1213,-79.63081950773196,42.021148
1214,-76.8200815,42.1012915
1215,-73.55833879257318,42.141584794887855
1217,-76.0730097,42.1115405
1218,-76.2687982721202,42.1100359
1219,-79.2830375,42.037694
1220,-76.01845080093855,42.115913
1221,-74.3912505886517,42.11930865693032
1222,-75.944317,42.117706
1223,-74.270673,42.1206767
1225,-77.23519342905405,42.1047415
1226,-75.9610778,42.1225486
1228,-78.43172924271845,42.076915
1229,-79.16407000000001,42.052888499999995
1231,-73.93377619439283,42.1236202
1233,-73.7217616,42.1237206
1234,-76.86379252710083,42.116799
1235,-77.2204528,42.110663
1236,-74.4783720254564,42.13156185
1237,-78.15027880000001,42.0914063
1238,-76.18113975,42.128808500000005
1240,-78.42954261233163,42.0864883
1241,-73.95763145000001,42.13313895
1242,-73.88429862967891,42.1325889
1244,-76.9928821026493,42.1238955
1245,-77.0333514,42.1232441
1246,-75.8953028,42.1383329
1247,-76.82217884661733,42.127617
1248,-75.8337796,42.1406057
1249,-75.741319,42.1416757
1251,-76.0416856,42.1416614
1252,-75.9425931,42.1433209
1253,-78.500185,42.0948104
1256,-74.6185721,42.1482769
1258,-76.44107422629668,42.141017500000004
1259,-74.6489112,42.1498506
1261,-73.95553319741413,42.03545111707341
1262,-75.88389892322101,42.14945535
1263,-77.9360251870393,42.11686563885742
1264,-74.5251542706117,42.1543062
1265,-77.94380976611862,42.1189105
1266,-76.93292401349076,42.141322
1267,-77.9541144,42.1195928
1268,-77.03063676416414,42.140203889140075
1269,-77.12479717449209,42.14144185
1270,-79.47716022220085,42.074965497059594
1271,-79.23748636734693,42.08624453061225
1273,-77.05175135545,42.1475978
1274,-77.6497424178051,42.1355905
1275,-75.89416741536886,42.1633062
1276,-75.8350777073777,42.164199249999996
1279,-75.13840695458339,42.173598893889455
1280,-79.23844152086659,42.096210299999996
1282,-79.25586847745525,42.098262000000005
1284,-74.0192903,42.1736452
1285,-76.89564417420208,42.162987650000005
1286,-75.6242923,42.1785725
1287,-76.99421576541096,42.163231499999995
1288,-77.0922763,42.161221
1289,-77.05659404944831,42.162722450000004
1291,-76.8321325,42.1668276
1292,-76.89564417420208,42.162987650000005
1296,-76.82211288113994,42.16923
1297,-79.21509902357143,42.106890199999995
1299,-76.734509,42.172881000000004
1300,-79.2833159,42.1074149
1301,-77.79531847826088,42.15534586956522
1302,-75.9920783,42.189451
1303,-79.1981255,42.1167012
1304,-73.50895903002366,42.20049053171508
1307,-75.8591166,42.1957662
1309,-74.13156194008258,42.19650265
1312,-76.0619969,42.197102
1313,-76.24538890694737,42.1981785
1314,-73.8114934,42.2001287
1315,-75.2805267,42.2060557
1316,-74.6009174,42.2073933
1317,-74.38517595242976,42.2073353
1318,-76.55121395193477,42.1985685
1320,-77.94124421626387,42.172418226550874
1322,-75.9821266,42.2080407
1323,-76.17832789449191,42.23722252221706
1324,-78.7639785,42.1528833
1325,-74.21934713928513,42.213127799999995
1326,-75.816858,42.2140162
1327,-78.38844833129848,42.16678285543248
1328,-78.7078863,42.1574913
1329,-79.73322675240385,42.119457
1330,-73.8801958,42.2132177
1331,-78.68611958163363,42.17039860094938
1332,-76.88917721898625,42.2044915
1334,-77.40452139541152,42.20012963467414
1335,-73.8657752,42.2204309
1336,-75.91802725000001,42.227481999999995
1337,-78.983697,42.160286
1342,-78.97225722462417,42.163017144059786
1343,-79.40969529414309,42.1538242
1345,-78.94824680956583,42.1722719149921
1346,-76.33636121126386,42.233500500000005
1347,-79.39231355151006,42.158558299999996
1348,-77.13694022585469,42.222792
1350,-75.3773863,42.2426461
1352,-74.3799347,42.2447127
1353,-73.77082165940072,42.24445942966609
1354,-78.1338527,42.2083857
1355,-79.59463449803927,42.160534
1356,-77.04802636219318,42.234657999999996
1357,-77.1934463856383,42.2332075
1358,-73.78632846254435,42.2490946
1359,-73.78075275392719,42.249825
1360,-73.6486073,42.249541
1363,-79.3435359233871,42.179347
1364,-74.7807628,42.2625349
1366,-78.0309437,42.2246459
1367,-78.2729852,42.218381
1368,-73.860135,42.2597676
1371,-74.3037479,42.2692024
1372,-79.24796968554537,42.1931335
1373,-74.0287952,42.2680395
1374,-73.76316176693851,42.26743495
1375,-78.63805129229335,42.21694442791483
1376,-76.0548076,42.2690564
1378,-76.83578783023137,42.265302750000004
1379,-74.5646488,42.2852441
1381,-73.7192119,42.279963
1382,-77.79051857091453,42.25366417721171
1383,-79.1096735,42.2164405
1386,-79.68242333086687,42.18406721780856
1389,-75.4804681,42.2938585
1391,-77.60452862953929,42.2700365
1392,-77.7600055818123,42.268422
1393,-73.9988164,42.3006457
1396,-77.217331,42.287081
1397,-74.21585614257604,42.30489075754859
1399,-75.382119,42.310495
1400,-78.79516916010081,42.2506045
1401,-76.18640247036917,42.30630825
1402,-76.250295,42.30666465
1403,-75.399473,42.312286
1404,-73.8755963,42.3094496
1407,-75.6389021,42.3169709
1408,-73.47335175191103,42.308761395432924
1410,-77.0501004340731,42.304112
1412,-79.44618939581176,42.23746055
1413,-75.3178761,42.3303138
1414,-75.9672635,42.328841
1415,-77.65536327494738,42.303417874272206
1416,-75.7704021,42.3308601
1417,-73.66793118194003,42.29787227565969
1418,-74.81141920872119,42.335579550000006
1419,-75.1662701,42.339106
1420,-78.66842138542367,42.280731621569764
1422,-79.504929306051,42.253814399999996
1425,-79.25901835272026,42.263751
1427,-78.0206634,42.3071172
1428,-77.74130468761469,42.3167291
1429,-76.78632113723774,42.3358604
1431,-79.47374448230076,42.265396499999994
1432,-78.35030925274725,42.3053405
1433,-77.0178867,42.3370088
1434,-77.3140487,42.3321665
1435,-77.661128,42.3245261
1438,-76.84769379259953,42.34554035
1439,-76.202209,42.355879
1440,-73.80748395,42.35604765
1441,-79.71012508570253,42.265882500000004
1446,-73.8175868,42.3604659
1447,-73.60042657979086,42.35805585
1448,-76.48326330890289,42.357218599999996
1449,-79.09960180434783,42.29668
1452,-75.24546524077962,42.36874665
1456,-74.66537151417222,42.37225672329423
1458,-77.6612968,42.344636
1459,-76.58230087264047,42.36658985
1460,-78.86428686142801,42.3207575
1461,-78.1110716,42.3442636
1464,-77.5069019277353,42.363901
1465,-76.37072892768359,42.384953550000006
1466,-78.73520618923084,42.333363500000004
1467,-78.45793444186046,42.33739698837209
1469,-75.1724074483125,42.397170200000005
1470,-76.8692827833342,42.38307345
1472,-75.80840917647059,42.39704829411765
1473,-77.36451920258975,42.3762752
1474,-76.3490857342265,42.393618849999996
1475,-76.0174913,42.4002475
1477,-73.6964514,42.3992884
1479,-74.6178019,42.4084588
1481,-79.57755,42.323419
1482,-74.06885874713159,42.413782002230406
1483,-73.5232292,42.4099507
1485,-78.8306235,42.35636649999999
1489,-79.31096393513755,42.3427845
1490,-73.6725216,42.4163115
1491,-77.69425154999999,42.39249515
1495,-75.3806999,42.4250525
1498,-76.50174281875411,42.41833645
1501,-79.04896632286184,42.36189156012505
1502,-76.8491313060606,42.418932
1504,-77.42018527376881,42.4092626
1505,-76.2244292,42.4284175
1506,-78.2463431755405,42.3891269
1507,-74.9722811,42.4375413
1509,-75.5962475,42.4410501
1510,-76.03440440214035,42.4399901
1514,-76.50191112244899,42.438624857142855
1516,-76.63198483764685,42.43781435
1517,-73.5571064,42.4408801
1518,-76.48482145342417,42.4408564
1519,-78.7549195,42.3893755
1520,-75.06097432900245,42.45473155916996
1521,-73.7954793,42.4451341
1528,-76.42813393195824,42.458805299999995
1531,-74.85148071394046,42.468871605624194
1532,-75.1168711,42.4718041
1533,-75.32807929422022,42.46998867556386
1535,-73.5814703,42.4648565
1536,-76.53510949147224,42.4634604
1537,-76.47762791682507,42.46647198179632
1540,-78.35990000000001,42.4284165
1541,-73.8105057,42.4716882
1542,-79.44193797662777,42.3926085
1543,-73.7988246,42.473822
1544,-74.6134736878252,42.47966615
1548,-73.76903205539783,42.48085369700408
1552,-77.7721254969436,42.46192755
1554,-76.4921434,42.4874889
1555,-76.4587569,42.4882023
1557,-77.65118100000001,42.471283
1558,-76.29725587166773,42.493661349999996
1559,-76.29725587166773,42.493661349999996
1563,-78.11282717390435,42.464684
1564,-76.1965786,42.5107174
1566,-79.3330261,42.4380089
1567,-76.34550069718581,42.51223105
1568,-78.9257706398309,42.45286612412078
1569,-74.13894744260477,42.51853695
1570,-73.61105143987663,42.514107100000004
1571,-73.61105143987663,42.514107100000004
1572,-78.246706,42.4804015
1573,-76.8759855044757,42.5111715
1574,-79.00247228523489,42.45667950000001
1575,-77.49826207272727,42.500836
1577,-75.0908278,42.5305401
1578,-75.38376233333334,42.53155566666667
1579,-78.93374110158877,42.4637943
1580,-75.5210133,42.5317959
1581,-73.75558879702814,42.529489749999996
1582,-75.6225344,42.5355808
1583,-73.7952061,42.5314103
1584,-2.852716367004842,55.55237104201073
1585,-78.94247505150214,42.4708525
1586,-76.97847081016533,42.522980000000004
1588,-78.48046647826087,42.487177913043475
1590,-75.8985674,42.5416535
1591,-74.6661784,42.5448962
1592,-77.2841602,42.5241748
1593,-79.36889160000001,42.464094599999996
1594,-74.82900317186963,42.54730535
1595,-79.17997741314038,42.47128549999999
1596,-75.2465212,42.5485854
1597,-77.17138007369523,42.52811838417227
1598,-76.51270750481217,42.53968105
1599,-79.30635914915298,42.474973000000006
1600,-76.66768975,42.543993799999996
1601,-73.6893167,42.5502851
1602,-79.32191682369941,42.4767975
1603,-78.85528935200996,42.49421366770369
1604,-76.29174487418564,42.5521599
1606,-78.92137559731151,42.49658855617072
1608,-78.91735998246952,42.4962015
1610,-74.45802489576047,42.562670600000004
1611,-79.33674347647201,42.4839055
1612,-78.66538842835628,42.510097900000005
1613,-78.68233820151596,42.5096968
1615,-79.32273073584906,42.48974200000001
1616,-74.2332426,42.5621272
1621,-75.0599767,42.5786489
1623,-73.8582849,42.5766264
1624,-78.470947,42.52911
1626,-73.884408,42.5775012
1627,-77.46946749394361,42.557995000000005
1628,-76.2107468,42.5796156
1629,-78.4260028,42.5371403
1631,-74.94551959293588,42.59008785
1633,-79.13547788259669,42.518254999999996
1634,-77.70065657902737,42.5619725
1636,-78.5092987,42.5408669
1637,-73.70302,42.587205
1638,-77.5857072998282,42.568055781267894
1639,-76.59024365504014,42.58707015
1640,-78.15461719444444,42.55537122222222
1641,-76.3671653864702,42.5905271
1643,-76.0957234,42.5947276
1644,-74.3331215,42.5996828
1645,-73.7205776569053,42.59458015
1646,-76.1646227,42.5964981
1647,-75.7456209,42.5988319
1649,-73.9000723,42.5992041
1650,-76.1789468,42.5991346
1653,-73.7881276,42.6004254
1654,-78.04148866949015,42.5671514
1656,-73.64740228502409,42.60092663598667
1657,-78.64445362118761,42.551931499999995
1658,-76.9591245,42.5941295
1659,-74.0714867,42.6132962
1660,-77.94291316701076,42.57786429250127
1663,-78.47710957142857,42.567723816326534
1664,-79.16958149999999,42.545199499999995
1665,-76.4969067178055,42.612561150000005
1666,-74.6728313,42.6225137
1667,-76.85729353099477,42.57803886890933
1668,-75.33590376352603,42.62220926166044
1669,-74.1512683,42.6225629
1670,-73.72649275160619,42.61019
1671,-78.25333212610622,42.579730999999995
1673,-73.63803792877141,42.61910115
1674,-73.66593487742848,42.61054108020088
1675,-73.8353526,42.621923
1676,-75.33240899718518,42.63238622652645
1677,-73.7318049,42.6213985
1678,-73.9698001,42.6250555
1680,-77.2913926,42.6105606
1681,-77.09414457930247,42.6155437
1682,-73.9105871,42.6296537
1684,-73.86268704880102,42.6295699
1686,-77.404076,42.613643
1687,-73.54925200467882,42.63035415
1688,-76.178558,42.635683
1689,-79.11324208767975,42.567931
1691,-73.779622,42.641772
1692,-73.75676968421052,42.642082421052635
1693,-73.7575408,42.641738
1694,-75.7833276,42.6458064
1695,-77.68257650533562,42.617371
1696,-78.83979994933688,42.5869984
1697,-73.7368495,42.6452076
1699,-77.789894,42.618566
1700,-74.79409754944868,42.652926449999995
1701,-73.4764502,42.6434921
1703,-73.8407135320842,42.64884679921122
1704,-73.93801433451824,42.65055055
1705,-73.7388272,42.6486416
1706,-79.01855214332724,42.588038499999996
1707,-77.59766278233438,42.629243
1708,-74.95923,42.6593906
1709,-75.0505476,42.6594427
1710,-73.79611814285715,42.65473752380952
1711,-78.93315160924662,42.53905483415643
1712,-74.2365087,42.6622583
1713,-73.76763849924737,42.65871759609551
1715,-74.3134183,42.6653311
1716,-73.842245695636,42.66366265
1717,-76.43013738637437,42.661815450000006
1718,-73.77062040749061,42.67197597490917
1719,-78.4176698878435,42.54478684364164
1720,-74.11912336841024,42.66946245
1721,-78.7696015,42.611464
1722,-78.0482667,42.6334885
1723,-73.77435371385263,42.66804825
1725,-76.6532175,42.6783565
1726,-74.4815815,42.6777138
1727,-77.05467244444445,42.660701277777775
1728,-75.5003003,42.678416
1729,-73.693080203667,42.6588567
1730,-73.80129485260663,42.6770984
1731,-78.13360349999999,42.6408265
1732,-73.82798469486318,42.67791138636467
1733,-74.83977,42.687722
1734,-75.5708328,42.687469
1736,-73.49700725504599,42.682819050000006
1737,-76.8238870537038,42.678159
1739,-76.86646236534165,42.680175750000004
1740,-73.8609305,42.689879
1741,-78.71597600000001,42.664127
1742,-78.54270586562501,42.642115000000004
1744,-73.79917113137044,42.691767150000004
1745,-75.2419501,42.6979978
1746,-73.78486133122702,42.6920709
1747,-73.72476836664069,42.692342350000004
1748,-76.9564255,42.682491
1749,-79.0904064,42.6267886
1751,-74.92774555496672,42.70067365
1752,-78.08355964991281,42.6603761
1753,-73.63364886455656,42.69415505
1754,-78.0830605,42.6622115
1755,-79.027808,42.642042125
1756,-73.36984610716746,42.692509599999994
1757,-73.57817547857641,42.69622845
1758,-73.57817547857641,42.69622845
1759,-73.9660291,42.7016532
1760,-74.02494082991687,42.70262865
1761,-73.85131421709019,42.701457950000005
1764,-73.81686713553657,42.703714919748535
1765,-79.0287678,42.6375457
1766,-73.9103135476312,42.7041043
1767,-78.9890465,42.641891
1768,-78.6851702,42.6528762
1770,-74.3367796,42.7122181
1771,-73.67603244492034,42.707509
1772,-73.7158590100627,42.7089732
1773,-76.02873252508121,42.71216615
1776,-78.89583189999999,42.65215285
1777,-78.7472774,42.6575203
1778,-73.78515277610089,42.715071699999996
1780,-76.4276855,42.716005
1781,-73.8346551,42.7197953
1782,-77.21013795352606,42.7035555
1783,-77.2724565,42.7046425
1785,-73.706977,42.721074
1786,-78.5151645,42.675008000000005
1787,-78.8271828,42.6661423
1788,-73.70372925252525,42.72337330303031
1789,-79.03435442745098,42.65938
1790,-73.77163815326591,42.725459
1792,-75.78229851020409,42.73025951020408
1793,-73.6777140375731,42.7269906
1794,-77.7486268997244,42.7020125
1798,-74.185363,42.7356259
1799,-73.8650464,42.7335912
1800,-73.7502102243476,42.733067649999995
1801,-73.5935933,42.7316487
1802,-75.9680013,42.725386
1803,-75.5449055,42.7402496
1804,-76.1490435,42.7358283
1805,-73.68519299812226,42.7352687
1806,-73.85813365800138,42.73908145
1807,-73.94166274570561,42.74018165
1808,-78.4450225,42.6938281
1810,-73.6563355,42.739648
1811,-78.79052909221207,42.69865025499849
1812,-74.18770054315365,42.74502475
1813,-73.6929771,42.7419786
1814,-73.90220545,42.74454025
1815,-73.80748840555071,42.73564648311703
1816,-73.80747405975968,42.73562672381995
1817,-76.50839350000001,42.7402165
1818,-73.68383185714286,42.74544457142857
1819,-73.7006554567241,42.74598065
1820,-73.8522176,42.7488665
1821,-73.75863774984632,42.749431099999995
1822,-77.6729605137445,42.725536500000004
1823,-74.45691794994913,42.75687964242724
1824,-78.00070908497881,42.71935905
1825,-77.872602,42.7238995
1828,-74.2613822,42.7625604
1829,-74.1375955,42.7603785
1830,-78.68118366298464,42.704971059123025
1832,-78.940602,42.699518
1833,-73.6098865,42.7575241
1834,-78.57826143716882,42.7100639
1835,-76.832189,42.7517925
1836,-74.00108983197629,42.7646003
1837,-73.88616947927073,42.76380305
1838,-73.80087905861963,42.76319405
1839,-75.73752698219265,42.7677054
1840,-76.70320077816075,42.758046
1842,-77.01552270525568,42.7577765
1843,-73.70414398215812,42.76881015
1844,-78.8893050501659,42.71150103499694
1845,-78.93650505523652,42.71086925
1847,-75.0291058,42.780586
1848,-73.69281918763255,42.773357250000004
1849,-73.67414689985041,42.773684599999996
1850,-78.1311286180648,42.73999125
1851,-78.1542986,42.739595550000004
1852,-73.74301718043407,42.78368545
1853,-78.84028364847742,42.71915655
1854,-77.2261694,42.7600732
1855,-73.931929,42.7802439
1856,-73.84728858677198,42.779830950000004
1857,-73.72196180144117,42.7798643
1858,-78.00558288076117,42.74766083275177
1859,-78.41709900000001,42.7370645
1860,-73.96409547001856,42.78373485
1862,-76.97903729242834,42.774921
1863,-73.69424403193159,42.785219999999995
1864,-74.649787,42.8233282
1865,-78.7274722,42.7338616
1866,-73.91532349517156,42.79108985
1867,-73.67674976224185,42.78905965
1868,-73.99975924943915,42.794205700000006
1869,-74.75591087675356,42.798099262665396
1870,-73.67796328006948,42.7915357
1872,-73.6829041815133,42.79270875
1873,-78.87904953315146,42.73493045
1874,-73.6478374,42.792535
1875,-75.1496382,42.801839
1876,-78.8001622,42.7395401
1877,-73.82879201625482,42.796738500000004
1878,-76.10568160843815,42.7984559
1879,-78.8318192,42.7398573
1880,-74.4000441,42.80280234999999
1881,-73.92940730421115,42.77740384253372
1882,-73.6624005,42.7988521
1883,-76.3491269,42.7980074
1884,-74.26032360115335,42.80495198482797
1885,-77.8989362,42.7716784
1886,-75.2505319,42.8082265
1888,-76.26417792389503,42.8037647
1889,-73.89338196603671,42.80529985
1891,-77.87138969823862,42.7784544
1892,-75.38841414704163,42.848097493829
1894,-73.9416601,42.8088997
1895,-78.84127075,42.750796949999994
1896,-73.9953224,42.810086000000005
1897,-75.4588623,42.8159836
1898,-77.51731246969027,42.789460500000004
1899,-76.46996800418032,42.809638
1900,-73.5377178,42.8123128
1901,-77.13809953807535,42.8019015
1902,-76.07757748345554,42.817205
1903,-78.61309524236543,42.765297000000004
1905,-78.52906197682704,42.768538
1906,-75.55081350741249,42.82213795
1908,-78.88366341447804,42.758389
1909,-74.0707552530462,42.820805899999996
1910,-73.92487197959183,42.82087732653061
1911,-73.6655998,42.8150995
1912,-73.8709519,42.8205017
1913,-77.60899378389831,42.79656
1914,-78.745029,42.7653711
1916,-77.80062146620398,42.7947662
1917,-74.8764238,42.8293704
1918,-78.7642394,42.7681449
1919,-78.82879215181003,42.766211549999994
1921,-73.96345571428571,42.82624501098901
1923,-73.88782064690747,42.8289563
1924,-74.1409745,42.8320132
1925,-76.83701631952917,42.90829528900742
1926,-73.71341004994872,42.828867
1927,-74.60108915380015,42.8374777
1928,-73.79332512815063,42.8325795
1929,-75.9850036,42.8354525
1930,-73.8324833,42.8353239
1932,-75.2381555,42.8417537
1933,-73.4846519,42.8332442
1934,-78.82385809745793,42.789602000220235
1937,-78.7903417,42.7817529
1938,-77.67136315548204,42.813921500000006
1940,-74.98206795159129,42.851139399999994
1941,-75.3894564,42.8508938
1943,-75.61132035,42.850470200000004
1944,-75.85440103615997,42.8491097
1945,-73.97139303014973,42.835349760525695
1946,-75.7546783,42.8518676
1948,-78.793476109637,42.791596850000005
1951,-73.67681424016854,42.851654499999995
1952,-78.82415121058519,42.79713980386175
1953,-73.8989102,42.8556218
1954,-78.1713805,42.8173282
1956,-78.82995919653507,42.798216100000005
1957,-78.6222597,42.8054261
1958,-76.46321700000001,42.85365535
1960,-76.3380416,42.8564635
1961,-76.69060037415608,42.852423136452416
1962,-78.7367906,42.8040999
1964,-74.0286498,42.8611081
1965,-77.01041056502172,42.847011478250764
1967,-77.70414104867257,42.836340500000006
1968,-78.0835161,42.8268971
1969,-77.424576,42.844935
1971,-76.2186397,42.8648974
1972,-78.76365170792646,42.80973215
1973,-73.77293605360128,42.865393600000004
1975,-74.0386924,42.869567
1976,-73.3273683,42.8620314
1978,-74.6844656,42.8758547
1979,-73.82307154139689,42.892152363325934
1981,-78.74130656525182,42.820013700000004
1982,-78.680629,42.8230997
1983,-78.82370877976476,42.8186471
1984,-78.80156578126548,42.8204564
1985,-75.913146,42.8808007
1986,-78.7247662,42.8203862
1987,-75.194757355279,42.8853819
1988,-76.98338575,42.86869955
1989,-76.98338575,42.86869955
1990,-76.98280757894736,42.86926547368421
1991,-78.30110364122966,42.85585294519898
1993,-74.18931065035783,42.94016421875196
1994,-78.6068575,42.8323513
1995,-73.9265902,42.8849734
1996,-74.56081805385537,42.89243514767335
1997,-74.07808362198517,42.88774645
1998,-78.5556419,42.8367345
2000,-78.8496821198102,42.82753205
2001,-78.4600255,42.840495000000004
2002,-74.831709,42.893854000000005
2003,-78.46843656760824,42.84193354906992
2005,-78.75094239453209,42.8343289
2006,-76.96107853573052,42.879176
2007,-78.2797395036665,42.85966998739251
2008,-73.99757229911891,42.89267813850974
2009,-76.1465972,42.8914366
2010,-76.9405887,42.8807119
2011,-78.71257282313044,42.8376089
2012,-74.3426666,42.8964483
2013,-75.63923100916206,42.898119802203375
2016,-78.8081858,42.8387761
2018,-73.71795351368375,42.8974223
2019,-78.78783728571429,42.84204471428571
2020,-73.3492331,42.8928832
2021,-77.27694669902911,42.8826535
2022,-76.0128697,42.900996
2023,-77.0915835,42.886665
2024,-76.55147077149964,42.8955865
2025,-78.02684699999999,42.86592036734694
2026,-73.58710385,42.89663645
2027,-74.5750157943287,42.90633245
2028,-76.99445492353263,42.889737999999994
2029,-78.6387741,42.8494659
2031,-77.88659915,42.87142125
2032,-73.87499629056603,42.902387000000004
2033,-73.56218471839207,42.89938105
2034,-78.266842,42.863321
2035,-73.4243666,42.8997295
2037,-73.820897,42.9056898
2038,-73.68493622029645,42.904702425149395
2039,-78.2832079471171,42.8648225
2040,-78.6927236,42.8545125
2041,-74.5712279042794,42.919765920966064
2042,-73.5893896,42.905714
2043,-73.69260591891893,42.904248405405404
2044,-76.75149376104972,42.9026615
2046,-73.8980685544316,42.911073200000004
2047,-78.7543364,42.8559725
2048,-76.85902029894476,42.902741000000006
2049,-78.78809121890194,42.85666275
2050,-74.1285527,42.9163459
2051,-77.18113149999999,42.9006355
2052,-76.79893130837738,42.9080934
2053,-73.68093848103553,42.916048
2054,-77.43231455543557,42.8979265
2055,-77.26360742442013,42.90168699219165
2056,-78.8194704,42.861705
2057,-76.38160018323074,42.917838372619485
2058,-73.5134475,42.9166949
2060,-76.5451155174269,42.916905
2061,-78.713501,42.8670236
2062,-78.74564538395198,42.869198004227314
2063,-77.76202099379637,42.8976125
2064,-75.11386538997395,42.9310575
2065,-75.11386538997395,42.9310575
2067,-76.726232,42.918471
2068,-77.53928681842106,42.903812
2069,-74.0502687,42.9291097
2070,-75.8504325,42.9302524
2071,-77.29786914875201,42.910456499999995
2072,-74.62445030060387,42.9336095
2073,-77.6124222238323,42.90431385
2074,-75.46637627936,42.9333628
2075,-76.62439770052583,42.923727
2076,-78.8205921,42.8724547
2078,-76.2737239,42.9300291
2079,-76.2145894,42.9312002
2080,-78.7970984,42.8749008
2081,-73.9683142375832,42.933837
2082,-78.67098068620669,42.88039315
2083,-74.2121113,42.9516935
2084,-78.85057108938702,42.876497650000005
2085,-76.58583949830461,42.93167689392842
2086,-77.7061708471745,42.91107788850142
2087,-74.19476555,42.9389532
2088,-73.79971264786653,42.9375407
2089,-77.74549312474241,42.9109074
2091,-73.66303145566316,42.9362365
2092,-76.5651558,42.9335028
2093,-76.57504090611529,42.93419045
2094,-78.58044953951367,42.89049455
2096,-73.6527238,42.9411866
2097,-78.789483,42.8842382
2098,-78.13498875002068,42.904215
2099,-78.87317208333333,42.88251141666667
2100,-78.5447496,42.8930113
2101,-74.3686733,42.9463199
2102,-77.00066253825801,42.9326685
2103,-76.687334223899,42.937796500000005
2104,-78.2533778451087,42.903988
2105,-73.91470254428864,42.947286500000004
2106,-78.8812239,42.8874491
2107,-78.8047998,42.8900013
2108,-76.4367898870605,42.94417315
2109,-78.7408384,42.8927172
2110,-76.14109368159201,42.97086168065233
2111,-78.49124006944973,42.900512899999995
2113,-78.80602769999999,42.8977317
2114,-74.28859098615291,42.9531919
2115,-78.79297945,42.8930643
2117,-78.63760842621234,42.9001533
2118,-77.49630113083802,42.9316672
2119,-78.6702836,42.9001313
2120,-74.2394199,42.9572698
2121,-78.8184281111111,42.8964445
2122,-76.50713574863957,42.952096499999996
2123,-78.6926324,42.9030047
2124,-78.8778229,42.8971025
2125,-74.02617422838183,42.9590755
2126,-73.790524,42.957976
2128,-73.4334997,42.9559544
2129,-74.37318715276356,42.95460975757557
2130,-78.67356700648769,42.91063225
2131,-75.6847676,42.9675194
2132,-74.18967839640223,42.9674982
2133,-78.7967145,42.9076423
2135,-78.813464,42.9096384
2136,-78.8535703,42.9084343
2137,-78.69382963265306,42.91589944897959
2138,-77.0661645,42.9568087
2139,-78.74628716652467,42.9140155
2140,-76.60630926933177,42.964566000000005
2142,-73.7902310910754,42.970054899999994
2144,-77.22028864828164,42.955326299999996
2145,-75.24858431471806,42.97687747004143
2146,-74.1515242,42.9748801
2147,-78.883514,42.9128679
2148,-78.7243371,42.9182783
2150,-76.4423136,42.972273
2151,-78.792835,42.919956
2152,-77.59125186410984,42.953349599999996
2153,-76.141169,42.9772141
2154,-73.953207,42.978363
2156,-78.66651489723863,42.9249612
2157,-78.7552609940874,42.923252250000004
2158,-78.8398225,42.9205568
2160,-76.3320334,42.9773164
2161,-78.55228341584682,42.9424244046481
2163,-78.62204733777371,42.92959245
2164,-77.1396253,42.9667286
2165,-75.5168635,42.9864854
2166,-77.2287385,42.9693653
2167,-78.54349016204625,42.93782014999999
2169,-78.8911025,42.927523
2170,-75.96028627312339,42.98982015
2172,-76.07217745,42.991341399999996
2173,-78.7439599,42.9358721
2174,-78.84271135,42.932955549999996
2175,-78.487675,42.945324
2176,-78.55459906546912,42.942986700000006
2177,-78.81474344762468,42.93488929682537
2178,-76.11019635,42.99345555
2179,-74.6791999,42.9990574
2180,-77.348061,42.9761135
2181,-75.315635,43.0010056
2182,-78.68602104061955,42.942682149999996
2184,-78.74177536687625,42.943932450000005
2185,-76.5320850864756,42.995273499999996
2186,-75.2566144,43.0052552
2187,-78.81412746798011,42.9428224
2188,-74.4246394,43.0052691
2189,-77.41014934084998,42.98155225
2190,-74.5360285,43.0068197
2191,-78.8327089,42.94483
2192,-78.78469129033641,42.94503083350498
2193,-76.14649592637963,43.0022174
2194,-76.78677728519128,42.92004862694971
2195,-77.6987128,42.9768227
2196,-73.85098722673477,43.00307999493682
2197,-75.0054394,43.0090426
2198,-77.8547839,42.9736838
2199,-75.9849818,43.0050775
2200,-78.85755257682851,42.9442416
2201,-76.2270501,43.0033342
2202,-76.1852169,43.0053568
2203,-76.92032309906185,42.995619000000005
2205,-78.39100792059867,42.9624122
2206,-75.0326593,43.0129939
2207,-78.87641853990573,42.948092450000004
2209,-78.9026898,42.948063
2210,-73.84930459027213,43.00664663742179
2211,-77.9925234,42.9773278
2212,-74.3699493275862,43.014724
2213,-75.0361235,43.0156735
2214,-73.78912399604744,43.0104045
2215,-77.50263032478307,42.9905462
2217,-74.0317459766474,43.017259499999994
2218,-76.27739978365926,43.01558405
2219,-76.7038153,43.0101507
2221,-78.74576133800005,42.96229
2223,-78.67139032260249,42.9660322
2224,-78.8264758,42.9610095
2225,-78.7382232928939,42.963942303936825
2226,-78.78251281711022,42.962328850000006
2227,-77.6433731674741,42.9953528
2228,-74.98496343873944,43.02645350740563
2229,-74.19874276189935,43.024599800000004
2230,-77.8610431,42.9926838
2231,-76.14477161877278,43.0234689
2232,-75.2745708,43.0297874
2233,-74.96634453112017,43.030527500000005
2234,-78.86958698200849,42.965502
2235,-76.2171364,43.0268874
2236,-78.17525411951632,42.989906
2237,-75.184857,43.034148
2238,-76.00521053568023,43.03022445
2239,-78.6036127,42.9789295
2240,-77.46856835893864,43.00921317072979
2241,-78.8521264,42.9712614
2242,-75.073505,43.0379718
2244,-73.3823699,43.0278496
2245,-76.16552207353212,43.033477649999995
2246,-78.78003264641745,42.977906000000004
2247,-76.065641930401,43.034341
2249,-75.38983864983226,43.039237549999996
2250,-78.8117687,42.976943
2251,-78.1870039,42.9958329
2252,-78.9281167,42.9742558
2253,-78.1808867,42.9986219
2254,-77.09421685678977,43.02435648493356
2256,-74.8557170160318,43.04448585
2257,-75.7471634,43.0429778
2258,-78.1481955,43.002303999999995
2259,-78.90525853339967,42.979199300000005
2260,-77.43283504741379,43.020448
2261,-76.4313018301323,43.03766605
2262,-76.62150811878452,43.035911999999996
2263,-77.76577332896608,43.01404895
2264,-76.14806323269761,43.04242635
2265,-73.64206697182433,43.0410935
2266,-74.59854006651757,43.0488031
2267,-78.88942380454536,42.95754640069524
2268,-78.43828571407187,42.998231000000004
2269,-75.37869497715157,43.0496869
2270,-76.1577787015521,43.04455925
2271,-73.8543796295203,43.044919
2272,-76.118395,43.0452968
2273,-76.2477655,43.0442943
2274,-74.5131874,43.0506943
2275,-78.9649166,42.9833309
2276,-78.20763538319395,43.0077515
2277,-78.8063344,42.989222
2278,-74.3475597172579,43.05043360129498
2279,-75.86639650115497,43.050292
2280,-75.07473492811108,43.054121035082524
2281,-76.13528170000001,43.04872555
2282,-76.17022727593506,43.048667300000005
2283,-74.34952584072899,43.052968500000006
2284,-75.5042582,43.0538127
2285,-78.51650481160434,43.0011023
2287,-77.33099000627453,43.031779400000005
2288,-78.871812,42.9901903
2289,-74.37796215763981,43.0550042
2290,-78.840601,42.99316
2291,-77.15694477256945,43.0375675
2293,-76.3067285,43.0505179
2294,-76.56123647541892,43.04787
2295,-74.187553,43.057404
2296,-76.218449,43.0546581
2297,-76.10367570176822,43.05887835
2298,-77.093033,43.046065
2299,-73.917317,43.06107
2300,-76.0345804,43.061950949999996
2301,-75.15326273311763,43.06500923804391
2302,-76.1243128,43.0619068
2303,-76.20859512543771,43.061598599999996
2304,-78.639868,43.0105159
2306,-76.07076376081173,43.06452815
2307,-74.68881035423186,43.07001995
2308,-77.66289067346939,43.040449979591834
2309,-76.15854998944843,43.06596345
2310,-75.28760302274637,43.0721614
2311,-77.6987913,43.0411758
2312,-78.50275503896349,43.019733900000006
2313,-75.59826100349969,43.072746068099335
2314,-78.3989157409332,43.024743
2315,-76.4773941,43.0661401
2316,-75.951264,43.0716712
2317,-78.6977718,43.0171223
2319,-78.89270508020408,43.0128749
2320,-76.99286996580267,43.061841
2321,-78.8351887,43.0150355
2322,-74.32911661777601,43.07794535
2325,-73.80286208746018,43.0740257005946
2326,-75.70664500728643,43.077956650000004
2327,-75.7502485410065,43.07787785
2328,-75.5410807,43.0793537
2330,-76.0004462,43.0768702
2331,-78.8767631,43.0177647
2332,-77.2199531,43.0626592
2334,-75.2252832,43.0842267
2335,-78.7693096,43.0242896
2336,-77.52062449659091,43.0598397
2337,-78.82025957726347,43.023751700000005
2338,-76.76045828441266,43.075677210182505
2339,-77.61287785714286,43.05879385714285
2340,-77.47520382905012,43.0619798
2341,-73.7813508199945,43.082319850000005
2342,-76.1292914,43.0834966
2343,-75.2601909,43.0892323
2345,-77.81441198201998,43.0555514
2346,-77.40655207904165,43.064995100000004
2347,-76.3285104,43.0829219
2348,-76.0742934,43.0854593
2349,-78.8717249,43.0252067
2350,-75.8726700992051,43.07730136745353
2351,-78.96521794630172,43.02356675
2352,-76.3759584,43.0841317
2353,-75.37694217365686,43.091975700000006
2355,-78.06127220808384,43.054359
2356,-75.22037075510204,43.10165232653061
2357,-73.91613749999999,43.0912555
2358,-73.59637,43.0885335
2359,-76.8696027,43.0829705
2360,-75.65331526454051,43.09642505
2361,-78.69605686855681,43.03911365
2362,-75.22154678851899,43.099177749999996
2363,-75.14965877443552,43.099352499999995
2364,-78.8767143,43.0341769
2365,-73.50312625195954,43.0914193
2366,-75.6359935,43.0996598
2367,-74.7736203,43.1027263
2368,-77.64913586646082,43.0731673
2369,-76.1421221,43.0981094
2371,-75.2925603,43.103547
2374,-76.18541433830774,43.10005055
2375,-76.2478188,43.0998047
2376,-78.5375844,43.0530818
2377,-75.2556291,43.1081918
2378,-78.85540924853801,43.043906
2379,-74.26467739782703,43.10666665
2380,-76.4248897,43.100209
2381,-74.76205222375796,43.10964185
2382,-78.875315,43.044376
2383,-77.58115051025253,43.08099
2384,-76.14367556560472,43.104520949999994
2387,-73.58322144297836,43.10426125
2389,-78.2768475,43.067508000000004
2390,-75.203876,43.115596
2391,-75.39974496508631,43.115578400000004
2392,-77.6919351,43.0860102
2393,-76.21109569989738,43.1121606
2394,-77.51600175,43.091405449999996
2396,-77.3206644,43.0958293
2397,-78.9446725,43.0519484
2398,-78.89085758060025,43.0544145
2399,-75.66929110278852,43.11871088341273
2400,-78.06522921079629,43.07979763269556
2401,-78.33364487276145,43.0735355
2402,-75.29525287499999,43.1223775
2403,-73.77038854324236,43.116963
2404,-77.44034761221178,43.09884105
2405,-78.1862683,43.0807906
2406,-76.1852007,43.1201257
2407,-78.86531579999999,43.061970349999996
2408,-77.9419824382267,43.0896129
2409,-75.2103563,43.1269846
2410,-77.63185934081784,43.09788865
2412,-77.6752688,43.0984438
2413,-78.76928004453534,43.06887295
2414,-76.2724237,43.1257997
2416,-76.64751172978724,43.1213475
2417,-78.77156330909537,43.0716194
2419,-76.23067689084507,43.1274933
2421,-73.84894307849461,43.1287875
2423,-78.8366302251307,43.07074605
2424,-75.2592015,43.1362913
2425,-78.9322376,43.068837
2426,-77.75067144997448,43.103912300000005
2427,-77.48623896942308,43.1117864
2428,-76.298904,43.1314649
2429,-76.2989131,43.1314029
2430,-77.8820283,43.1042137
2431,-78.93223530614999,43.072994
2432,-75.5736978,43.1393125
2433,-74.97017492253939,43.14039307751906
2434,-76.1309436,43.1360083
2435,-74.78816074152613,43.1432655
2437,-78.88874759052696,43.077512999999996
2438,-76.76822051600453,43.13152420968812
2439,-78.86542522540383,43.080863
2440,-77.85653728995122,43.14535565117708
2441,-78.387568,43.0966855
2442,-77.67353179918481,43.1177979
2443,-76.20756233350843,43.14285615
2444,-78.728267,43.088714
2445,-77.6537194,43.1189518
2446,-78.981987,43.078653
2447,-77.72143108799145,43.1177298
2448,-73.881384,43.14474
2449,-77.80426309762939,43.1173504
2451,-78.63695455494506,43.096235
2452,-77.5663978982129,43.1260803
2453,-77.5278402401188,43.128202
2456,-77.47496221889082,43.1309521
2457,-79.0211724,43.0871841
2458,-75.33315852343802,43.1578819
2460,-74.48704186191384,43.15904795
2461,-77.2755775,43.1377715
2462,-77.69551353749694,43.12877065
2463,-77.6109218750743,43.13081255
2468,-77.18867891369396,43.1416647
2469,-77.63643245008163,43.132813
2470,-75.2235195,43.1641851
2471,-76.23064019388212,43.16075495
2472,-79.05024056447623,43.09068860048942
2473,-77.346057017335,43.1438325
2474,-76.8712962,43.0815208
2475,-76.4490922,43.1597166
2476,-76.32547924772251,43.1617656
2477,-76.1590383,43.1634272
2478,-78.91164840253808,43.10265
2479,-73.58066927022185,43.16661357208049
2480,-76.36674592313139,43.163150099999996
2481,-78.51727482170904,43.117722
2482,-77.73543267407678,43.1425962
2483,-78.77369350000001,43.1149745
2484,-77.53568108813229,43.149575
2485,-74.71152384999999,43.153381949999996
2486,-76.53784268421053,43.1674465
2487,-77.59812458259537,43.14875415
2488,-77.6514543,43.1483291
2489,-76.5705995,43.168928
2490,-79.048821,43.108723
2491,-76.1202146,43.1764908
2493,-75.4305675,43.1809556
2494,-77.5768559,43.1530312
2495,-75.0113275,43.182207
2496,-76.13448321866382,43.17487329577618
2497,-75.1612549,43.182114
2498,-77.49412050000001,43.15548175
2499,-73.3294620202658,43.16492671221203
2500,-73.73240282550128,43.17693335
2501,-73.33169858740895,43.171262104308326
2502,-78.6793245,43.125375
2503,-76.3082605,43.1786123
2504,-77.6237125,43.1567358
2505,-76.3553139,43.1807769
2506,-77.5575649863257,43.15969935
2507,-78.99478746281203,43.12076999999999
2508,-77.60450366356085,43.16068045558702
2509,-77.60306152040816,43.15458340816327
2510,-78.84153696978517,43.127022999999994
2511,-76.2109668256102,43.186929500000005
2512,-77.8043341,43.1604725
2513,-77.63895605438478,43.16511425
2514,-73.4252481,43.1852552
2515,-77.57992139999999,43.1676145
2516,-77.70214139999999,43.1690641
2517,-75.72872171428571,43.199406653061224
2518,-76.0422003,43.1970665
2520,-76.88964917019563,43.18730865
2521,-77.65876537516115,43.1734673
2522,-77.54596068859686,43.17641105
2525,-77.40107190915145,43.181207650000005
2526,-77.59854135751993,43.17756605
2527,-78.96421875,43.139106
2528,-77.3441255,43.183664
2529,-77.46891884675514,43.182705049999996
2531,-78.69881849105599,43.150594
2533,-77.6141264,43.1815197
2535,-76.455141,43.2063611
2536,-78.32485644591895,43.169933
2537,-78.64866703952794,43.159972969637565
2538,-77.025794840625,43.202085499999995
2539,-75.33260341771341,43.220299100000005
2540,-77.6934284,43.1892767
2541,-76.0840453,43.2157641
2542,-74.10426850502591,43.217845600000004
2543,-77.79713255465226,43.188899649999996
2544,-75.2869279,43.2232921
2545,-77.63943374148573,43.1936285
2546,-76.3621364,43.2175341
2547,-75.0626093,43.2259582
2548,-79.01441746483755,43.155979200000004
2549,-76.98898858441822,43.16287044413032
2550,-77.6332227,43.2003857
2551,-77.6332227,43.2003857
2552,-74.17141191836735,43.22510308163265
2554,-78.1939325,43.184740500000004
2555,-78.5975326,43.1730019
2556,-77.56120919190971,43.2021254
2557,-78.764035,43.169101999999995
2558,-77.4972122,43.2037598
2559,-76.3065706,43.224513
2560,-75.46503539030874,43.2311495
2562,-76.55685103524709,43.2223575
2563,-78.88056698274045,43.1689839
2564,-76.29929684889643,43.2294256
2565,-77.43086071611873,43.21114285
2566,-78.39115741931145,43.186696999999995
2567,-78.0725475,43.197689499999996
2568,-77.69666755708268,43.207546300000004
2569,-77.04302107147026,43.229915649999995
2570,-78.64394131723456,43.18114586017527
2571,-76.82348734257565,43.225025849999994
2572,-75.88878071599791,43.236587
2573,-76.2917855,43.232916
2576,-76.14010737142857,43.23470742857143
2578,-75.2569546,43.2424561
2580,-77.5788124,43.216234
2581,-77.29202119842704,43.222664249999994
2582,-77.37494643380683,43.222264499999994
2583,-77.94002,43.2097352
2585,-77.41762146727686,43.22280115
2586,-77.5995041126225,43.21945135
2587,-77.18574019314721,43.22819255
2589,-73.8405974,43.2443925
2590,-77.54336245552426,43.22359035
2591,-77.7931125,43.2179301
2593,-77.9371111,43.2150389
2594,-78.82203240247512,43.189637000000005
2595,-77.0618083749477,43.235373949999996
2596,-76.223818,43.247457999999995
2597,-76.0005192,43.2500589
2598,-78.57454541368662,43.19925933731054
2599,-77.6432424,43.2259502
2600,-77.6432424,43.2259502
2601,-77.9460876,43.2198019
2602,-78.7359145,43.197705
2603,-73.59066798774307,43.26438112487765
2604,-77.5119078,43.2338258
2605,-77.54412651951884,43.2340395
2606,-78.5766273,43.2069746
2607,-78.0256774,43.2243275
2610,-76.72079861606221,43.2545805
2611,-78.9773115,43.1983885
2612,-78.3871748,43.2188259
2613,-77.7041385,43.2389785
2614,-77.9283716,43.2356324
2615,-75.1861873,43.2736861
2616,-77.5970717,43.2445353
2617,-75.4485415,43.2737571
2618,-75.6939149,43.2725494
2619,-77.61771348521273,43.2448118
2620,-78.67599492673685,43.21588865
2621,-73.5849773,43.2679078
2622,-76.20380011458965,43.2735135
2623,-77.2918114,43.25869625
2624,-76.39334468462545,43.2752575
2625,-77.65867758913635,43.2535154
2627,-76.98657556410615,43.270171500000004
2628,-78.28530531266578,43.25184891911503
2629,-76.06447027310925,43.284583
2630,-76.2717955,43.282687499999994
2631,-77.3765582,43.2679967
2632,-78.1923436,43.2482977
2633,-76.14735065471837,43.28797455
2634,-77.6400965,43.2633777
2635,-78.06579100913349,43.256117
2636,-78.53323705635614,43.242789599999995
2637,-77.30849986682819,43.272556163923156
2638,-77.18931324503968,43.2798775
2639,-75.15221,43.300418
2640,-75.6183159,43.2995686
2641,-73.63735510846067,43.295703700000004
2642,-75.514191,43.3034159
2643,-78.81633587330316,43.241665499999996
2645,-73.7089909,43.3027793
2647,-73.6683412145098,43.30366515
2648,-73.5844717001094,43.30293555
2651,-73.8336839,43.3078656
2652,-78.38529760005451,43.266960999999995
2653,-79.04735452160138,43.2457895
2654,-77.7916739,43.2858677
2655,-77.675117839172,43.290483699999996
2656,-73.64403087904842,43.3141006
2657,-76.42511724333568,43.314237649999995
2658,-73.60572393617889,43.315812699999995
2659,-77.79825141797076,43.2916769
2660,-73.5695941,43.3170094
2661,-75.1871969,43.3269892
2662,-76.7017675,43.315808000000004
2663,-76.41464046546825,43.32077772764874
2664,-76.57744518709859,43.322557
2665,-76.46543199999999,43.3251275
2666,-74.97841149999999,43.3347135
2667,-77.8595394,43.2998828
2668,-78.69961764745791,43.27626845
2669,-73.6646762831709,43.3287218
2670,-77.70152045,43.3061207
2671,-75.7459917,43.3361763
2672,-77.9213639,43.3022651
2673,-73.711884,43.334651
2675,-73.60431121980785,43.32426569447
2676,-78.0355928,43.3260864
2677,-77.994845,43.3277346
2678,-78.19256565,43.3235789
2679,-78.13541000218544,43.3256059148607
2681,-78.82761148247965,43.3086705
2683,-78.3883558,43.3257155
2684,-76.2806608,43.3708966
2686,-75.9861669006024,43.379096000000004
2687,-73.6445147564631,43.37870835
2688,-78.55546216121078,43.3314685
2689,-78.71385595364552,43.33095850267031
2690,-74.75163182931747,43.395065809253175
2691,-76.43855100312476,43.3832245
2693,-76.47709625416667,43.399001
2694,-76.12652746383466,43.4054019
2695,-73.26549275917202,43.4033054
2696,-73.2654641,43.4057995
2697,-73.5762334,43.4100805
2698,-76.56192593019414,43.41392999999999
2699,-73.487869,43.4167937
2701,-74.53472385240693,43.43442453956697
2702,-73.93054714630102,43.4257845
2703,-73.7145744,43.4264006
2704,-75.74927648536371,43.437527429459
2705,-75.207202,43.442529300000004
2707,-75.46411447133995,43.455964041915074
2710,-76.23015299392091,43.460223
2711,-76.5134401606976,43.45960905
2712,-76.50635198181865,43.46003725
2713,-74.37880276742234,43.46851081196456
2714,-76.43987405467064,43.4653732
2715,-75.33290841839761,43.48225725
2716,-76.31109085878788,43.478528499999996
2718,-73.7720378,43.4925662
2719,-73.85034,43.494327
2720,-76.00261602848101,43.508955
2721,-73.63082119999999,43.509870649999996
2723,-75.8214675,43.5324295
2725,-75.43520334371539,43.56260375352638
2726,-73.40310717526464,43.5534911
2727,-73.4026506246258,43.55437185
2729,-76.0491502086331,43.568492000000006
2730,-76.17899825786353,43.6390085
2731,-74.009204,43.5735155
2732,-75.9965677,43.5751889
2733,-75.3480528,43.5856456
2735,-75.36194524910754,43.616133
2736,-73.96488243638393,43.6159265
2738,-75.41257886903855,43.62946185
2740,-76.08644569396552,43.641164
2743,-76.0674252009205,43.6460125
2745,-73.89922625137703,43.66127005
2747,-75.29209843007281,43.68949475
2748,-73.98301805901492,43.692102750000004
2749,-73.5069311026744,43.685899758422174
2750,-74.97227846227241,43.7100265
2751,-76.0628551,43.7121352
2752,-75.40288311383947,43.70978824969932
2753,-76.06484719858517,43.71785344050818
2754,-73.8258192,43.7234731
2755,-76.13506607534246,43.732879499999996
2756,-75.46790962555076,43.7380268
2757,-74.073196,43.736178
2758,-74.74769545205118,43.69696560240527
2760,-73.5098187,43.7553558
2763,-73.75459104454598,43.764697
2764,-73.9228068020596,43.771628692267385
2765,-74.25240397747928,43.78111354073292
2770,-74.64993977105263,43.809941499999994
2771,-76.0240631949913,43.809579179233374
2772,-74.8719215,43.817854499999996
2774,-73.76628428049102,43.8419715
2775,-76.18097061818182,43.8460465
2778,-73.42906239329423,43.84769275
2779,-76.0069395,43.862508
2781,-73.53069895318836,43.87382875
2782,-75.43131291436421,43.88581175
2784,-75.3915031,43.894247
2787,-73.53859,43.922016
2791,-76.11801479570374,43.94657545
2796,-75.6233608096164,43.969608
2799,-75.5900854,43.9725861
2800,-75.89650756716628,43.970946
2801,-75.967263,43.972508
2802,-75.9191705,43.974092999999996
2803,-75.90561571428572,43.981868
2804,-76.14278578951098,43.991753
2807,-75.95694,43.999418272727276
2808,-75.983804,44.002713
2809,-76.044601,44.006753
2810,-75.80265554946345,44.017069500000005
2811,-75.76010870199693,44.0205825
2816,-75.68101316530054,44.0412185
2818,-73.49495419476419,44.04706523754754
2819,-73.46067949859155,44.0471405
2820,-75.4951495,44.067640499999996
2823,-75.80020822828948,44.085676500000005
2826,-76.3356493,44.128255
2827,-76.06648949999999,44.138594499999996
2828,-75.32361284401262,44.14954815
2829,-75.70539929467411,44.15871146671788
2831,-73.7880865622975,44.189285
2832,-75.9679085,44.193589
2833,-73.43542624857143,44.186924
2834,-75.9650790280675,44.1945365
2835,-75.606867,44.198614
2837,-75.7830702,44.21428755
2838,-74.4642863,44.222539
2839,-73.58540184847465,44.21456228571309
2842,-74.566485,44.2313605
2843,-76.07764088100916,44.234200770171086
2844,-76.07687802594793,44.2342145
2846,-74.4767022,44.2404077
2847,-75.13584850908146,44.243293003649335
2848,-73.78699558816567,44.252946699999995
2852,-73.9992218,44.2782771
2853,-73.5636317,44.2758915
2855,-76.02549548058812,44.28664510595244
2856,-75.8000067,44.3000091
2859,-75.25506965571338,44.3242242
2861,-74.13369715,44.329926650000004
2862,-73.41567855,44.33014095
2863,-75.90704401068137,44.33697625
2866,-73.39189721065163,44.38322912302385
2869,-74.09751870738984,44.37141861423271
2870,-75.39662382000554,44.413000499999995
2871,-75.1500997946282,44.429050149999995
2874,-75.69299000000001,44.448894499999994
2875,-75.23044859995579,44.4665089
2876,-74.72998354884518,44.48932645687689
2878,-74.881921935122,44.50998250000001
2880,-73.48042133531746,44.508769
2881,-75.46090092436607,44.70137699988097
2882,-75.00992807148121,44.5378355
2883,-74.93810900225556,44.554796499999995
2884,-73.51737346672893,44.575957
2885,-75.64391663656389,44.5902185
2886,-75.31560112064265,44.591794
2887,-75.1771635,44.6023362
2888,-74.97550268536585,44.611426
2889,-73.80395082801725,44.6081095
2891,-74.8134788637218,44.6281425
2894,-73.44608326777285,44.66984039673262
2895,-75.19708635406911,44.6647764
2896,-74.98289182400144,44.66891755
2898,-74.54429891757127,44.6733785
2901,-73.44737656803825,44.6831885
2902,-73.4570250490172,44.687197999999995
2904,-75.48733147156052,44.70004844814163
2905,-73.500152498343,44.69303
2908,-73.4564963,44.6989652
2910,-75.43847981735652,44.7184526329936
2911,-74.8891834107467,44.6471025
2912,-73.72466785,44.72213135
2914,-73.4862848123449,44.720732999999996
2917,-73.41796328414796,44.72426325
2919,-75.13362333756643,44.748716264260366
2920,-74.9943257,44.7499656
2923,-73.3903138098511,44.785523999999995
2924,-74.78661130434783,44.794939695652175
2925,-74.99134749300752,44.8017215
2932,-74.30125733109784,44.8478159
2933,-75.2050687,44.8610591
2935,-73.8930068,44.8643628
2937,-73.6552851176518,44.8870885
2939,-73.66010618598074,44.89148515
2940,-74.1687330244428,44.9048435
2943,-74.9672831431727,44.921414
2945,-74.06153477434844,44.88739683373377
2947,-74.89451041176471,44.93188382352942
2950,-73.92752439437481,44.9540738
2951,-74.69261283287136,44.97836642740296
2952,-73.60156857581126,44.96016815241932
2954,-74.49801015,44.9876307
2956,-73.44154866025642,44.9864435
2957,-73.3671922555981,44.99884690465373
